<edmx:Edmx xmlns:edmx="http://schemas.microsoft.com/ado/2007/06/edmx"
	xmlns:m="http://schemas.microsoft.com/ado/2007/08/dataservices/metadata" xmlns:sap="http://www.sap.com/Protocols/SAPData" Version="1.0">
	<edmx:DataServices m:DataServiceVersion="2.0">
		<Schema xmlns="http://schemas.microsoft.com/ado/2008/09/edm" Namespace="ZGWPM_DATOS_EQUIPOS_SRV" xml:lang="en" sap:schema-version="1">
			<EntityType Name="getDatosEquipos" sap:content-version="1">
				<Key><PropertyRef Name="IvEqunr"/></Key><Property Name="IvEqunr" Type="Edm.String" Nullable="false" MaxLength="18" sap:label="Equipment" sap:creatable="false" sap:updatable="false"
					sap:sortable="false" sap:filterable="false"/><Property Name="Equnr" Type="Edm.String" Nullable="false" MaxLength="18" sap:label="Equipment" sap:creatable="false" sap:updatable="false"
					sap:sortable="false" sap:filterable="false"/><Property Name="Invnr" Type="Edm.String" Nullable="false" MaxLength="25" sap:label="Inventory no." sap:creatable="false"
					sap:updatable="false" sap:sortable="false" sap:filterable="false"/><Property Name="Answt" Type="Edm.Decimal" Nullable="false" Precision="15" Scale="3" sap:label="AcquistnValue" sap:creatable="false"
					sap:updatable="false" sap:sortable="false" sap:filterable="false"/><Property Name="Waers" Type="Edm.String" Nullable="false" MaxLength="5" sap:label="Currency" sap:creatable="false" sap:updatable="false"
					sap:sortable="false" sap:filterable="false"/><Property Name="Herst" Type="Edm.String" Nullable="false" MaxLength="30" sap:label="Manufacturer" sap:creatable="false"
					sap:updatable="false" sap:sortable="false" sap:filterable="false"/><Property Name="Serge" Type="Edm.String" Nullable="false" MaxLength="30" sap:label="ManufSerialNo." sap:creatable="false"
					sap:updatable="false" sap:sortable="false" sap:filterable="false"/><Property Name="Eqktx" Type="Edm.String" Nullable="false" MaxLength="40" sap:label="Description" sap:creatable="false" sap:updatable="false"
					sap:sortable="false" sap:filterable="false"/><Property Name="Objnr" Type="Edm.String" Nullable="false" MaxLength="22" sap:label="Object number" sap:creatable="false"
					sap:updatable="false" sap:sortable="false" sap:filterable="false"/><Property Name="Aufnr" Type="Edm.String" Nullable="false" MaxLength="12" sap:label="Order" sap:creatable="false" sap:updatable="false"
					sap:sortable="false" sap:filterable="false"/><Property Name="Qmnum" Type="Edm.String" Nullable="false" MaxLength="12" sap:label="Notification" sap:creatable="false"
					sap:updatable="false" sap:sortable="false" sap:filterable="false"/><Property Name="Erdat" Type="Edm.DateTime" Precision="7" sap:label="Created on" sap:creatable="false" sap:updatable="false"
					sap:sortable="false" sap:filterable="false"/><Property Name="Priok" Type="Edm.String" Nullable="false" MaxLength="1" sap:label="Priority" sap:creatable="false" sap:updatable="false"
					sap:sortable="false" sap:filterable="false"/><Property Name="Ltrmn" Type="Edm.DateTime" Precision="7" sap:label="Required End" sap:creatable="false" sap:updatable="false"
					sap:sortable="false" sap:filterable="false"/><Property Name="Tplnr" Type="Edm.String" Nullable="false" MaxLength="30" sap:label="Functional loc." sap:creatable="false"
					sap:updatable="false" sap:sortable="false" sap:filterable="false"/><Property Name="Tplma" Type="Edm.String" Nullable="false" MaxLength="30" sap:label="SupFunctLoc." sap:creatable="false"
					sap:updatable="false" sap:sortable="false" sap:filterable="false"/></EntityType>
			<EntityType Name="getDetalleEquipo" sap:content-version="1">
				<Key><PropertyRef Name="IvEqunr"/></Key><Property Name="Equnr" Type="Edm.String" Nullable="false" MaxLength="18" sap:label="Equipment" sap:creatable="false" sap:updatable="false"
					sap:sortable="false" sap:filterable="false"/><Property Name="IvEqunr" Type="Edm.String" Nullable="false" MaxLength="18" sap:label="Equipment" sap:creatable="false" sap:updatable="false"
					sap:sortable="false" sap:filterable="false"/><Property Name="Invnr" Type="Edm.String" Nullable="false" MaxLength="25" sap:label="Inventory no." sap:creatable="false"
					sap:updatable="false" sap:sortable="false" sap:filterable="false"/><Property Name="Answt" Type="Edm.Decimal" Nullable="false" Precision="15" Scale="3" sap:label="AcquistnValue" sap:creatable="false"
					sap:updatable="false" sap:sortable="false" sap:filterable="false"/><Property Name="Waers" Type="Edm.String" Nullable="false" MaxLength="5" sap:label="Currency" sap:creatable="false" sap:updatable="false"
					sap:sortable="false" sap:filterable="false"/><Property Name="Herst" Type="Edm.String" Nullable="false" MaxLength="30" sap:label="Manufacturer" sap:creatable="false"
					sap:updatable="false" sap:sortable="false" sap:filterable="false"/><Property Name="Serge" Type="Edm.String" Nullable="false" MaxLength="30" sap:label="ManufSerialNo." sap:creatable="false"
					sap:updatable="false" sap:sortable="false" sap:filterable="false"/><Property Name="Eqktx" Type="Edm.String" Nullable="false" MaxLength="40" sap:label="Description" sap:creatable="false" sap:updatable="false"
					sap:sortable="false" sap:filterable="false"/><Property Name="Objnr" Type="Edm.String" Nullable="false" MaxLength="22" sap:label="Object number" sap:creatable="false"
					sap:updatable="false" sap:sortable="false" sap:filterable="false"/><NavigationProperty Name="DetalleNavPendientes" Relationship="ZGWPM_DATOS_EQUIPOS_SRV.AssPendientes" FromRole="FromRole_AssPendientes"
					ToRole="ToRole_AssPendientes"/><NavigationProperty Name="DetalleNavHistoricos" Relationship="ZGWPM_DATOS_EQUIPOS_SRV.AssHistoricos" FromRole="FromRole_AssHistoricos"
					ToRole="ToRole_AssHistoricos"/><NavigationProperty Name="DetalleNavUbicaciones" Relationship="ZGWPM_DATOS_EQUIPOS_SRV.AssUbicacion" FromRole="FromRole_AssUbicacion"
					ToRole="ToRole_AssUbicacion"/></EntityType>
			<EntityType Name="getUbicaciones" sap:content-version="1">
				<Key><PropertyRef Name="Tplnr"/></Key><Property Name="Tplnr" Type="Edm.String" Nullable="false" MaxLength="30" sap:label="Functional loc." sap:creatable="false"
					sap:updatable="false" sap:sortable="false" sap:filterable="false"/><Property Name="Tplma" Type="Edm.String" Nullable="false" MaxLength="30" sap:label="SupFunctLoc." sap:creatable="false"
					sap:updatable="false" sap:sortable="false" sap:filterable="false"/></EntityType>
			<EntityType Name="getHistoricos" sap:content-version="1">
				<Key><PropertyRef Name="Aufnr"/></Key><Property Name="Aufnr" Type="Edm.String" Nullable="false" MaxLength="12" sap:label="Order" sap:creatable="false" sap:updatable="false"
					sap:sortable="false" sap:filterable="false"/></EntityType>
			<EntityType Name="getPendientes" sap:content-version="1">
				<Key><PropertyRef Name="Qmnum"/></Key><Property Name="Qmnum" Type="Edm.String" Nullable="false" MaxLength="12" sap:label="Notification" sap:creatable="false"
					sap:updatable="false" sap:sortable="false" sap:filterable="false"/><Property Name="Erdat" Type="Edm.DateTime" Nullable="false" Precision="7" sap:label="Created on" sap:creatable="false" sap:updatable="false"
					sap:sortable="false" sap:filterable="false"/><Property Name="Priok" Type="Edm.String" Nullable="false" MaxLength="1" sap:label="Priority" sap:creatable="false" sap:updatable="false"
					sap:sortable="false" sap:filterable="false"/><Property Name="Ltrmn" Type="Edm.DateTime" Precision="8" sap:label="Required End" sap:creatable="false" sap:updatable="false"
					sap:sortable="false" sap:filterable="false"/></EntityType>
			<EntityType Name="getListaEquipos" sap:content-version="1">
				<Key><PropertyRef Name="Equnr"/></Key><Property Name="Equnr" Type="Edm.String" Nullable="false" MaxLength="18" sap:label="Equipment" sap:creatable="false" sap:updatable="false"
					sap:sortable="false" sap:filterable="false"/><Property Name="Eqktx" Type="Edm.String" Nullable="false" MaxLength="40" sap:label="Description" sap:creatable="false" sap:updatable="false"
					sap:sortable="false" sap:filterable="false"/></EntityType>
			<Association Name="AssHistoricos" sap:content-version="1"><End Type="ZGWPM_DATOS_EQUIPOS_SRV.getDetalleEquipo" Multiplicity="1" Role="FromRole_AssHistoricos"/><End Type="ZGWPM_DATOS_EQUIPOS_SRV.getHistoricos" Multiplicity="*" Role="ToRole_AssHistoricos"/>
				<ReferentialConstraint>
					<Principal Role="FromRole_AssHistoricos"><PropertyRef Name="IvEqunr"/></Principal>
					<Dependent Role="ToRole_AssHistoricos"><PropertyRef Name="Aufnr"/></Dependent>
				</ReferentialConstraint>
			</Association>
			<Association Name="AssPendientes" sap:content-version="1"><End Type="ZGWPM_DATOS_EQUIPOS_SRV.getDetalleEquipo" Multiplicity="1" Role="FromRole_AssPendientes"/><End Type="ZGWPM_DATOS_EQUIPOS_SRV.getPendientes" Multiplicity="*" Role="ToRole_AssPendientes"/>
				<ReferentialConstraint>
					<Principal Role="FromRole_AssPendientes"><PropertyRef Name="IvEqunr"/></Principal>
					<Dependent Role="ToRole_AssPendientes"><PropertyRef Name="Qmnum"/></Dependent>
				</ReferentialConstraint>
			</Association>
			<Association Name="AssUbicacion" sap:content-version="1"><End Type="ZGWPM_DATOS_EQUIPOS_SRV.getDetalleEquipo" Multiplicity="1" Role="FromRole_AssUbicacion"/><End Type="ZGWPM_DATOS_EQUIPOS_SRV.getUbicaciones" Multiplicity="*" Role="ToRole_AssUbicacion"/>
				<ReferentialConstraint>
					<Principal Role="FromRole_AssUbicacion"><PropertyRef Name="IvEqunr"/></Principal>
					<Dependent Role="ToRole_AssUbicacion"><PropertyRef Name="Tplma"/></Dependent>
				</ReferentialConstraint>
			</Association>
			<EntityContainer Name="ZGWPM_DATOS_EQUIPOS_SRV_Entities" m:IsDefaultEntityContainer="true" sap:supported-formats="atom json xlsx"><EntitySet Name="getDatosEquiposSet" EntityType="ZGWPM_DATOS_EQUIPOS_SRV.getDatosEquipos" sap:creatable="false" sap:updatable="false"
				sap:deletable="false" sap:pageable="false" sap:content-version="1"/><EntitySet Name="getDetalleEquipoSet" EntityType="ZGWPM_DATOS_EQUIPOS_SRV.getDetalleEquipo" sap:creatable="false" sap:updatable="false"
				sap:deletable="false" sap:pageable="false" sap:content-version="1"/><EntitySet Name="getUbicacionesSet" EntityType="ZGWPM_DATOS_EQUIPOS_SRV.getUbicaciones" sap:creatable="false" sap:updatable="false"
				sap:deletable="false" sap:pageable="false" sap:content-version="1"/><EntitySet Name="getHistoricosSet" EntityType="ZGWPM_DATOS_EQUIPOS_SRV.getHistoricos" sap:creatable="false" sap:updatable="false"
				sap:deletable="false" sap:pageable="false" sap:content-version="1"/><EntitySet Name="getPendientesSet" EntityType="ZGWPM_DATOS_EQUIPOS_SRV.getPendientes" sap:creatable="false" sap:updatable="false"
				sap:deletable="false" sap:pageable="false" sap:content-version="1"/><EntitySet Name="getListaEquiposSet" EntityType="ZGWPM_DATOS_EQUIPOS_SRV.getListaEquipos" sap:creatable="false" sap:updatable="false"
				sap:deletable="false" sap:pageable="false" sap:content-version="1"/>
				<AssociationSet Name="AssPendientesSet" Association="ZGWPM_DATOS_EQUIPOS_SRV.AssPendientes" sap:creatable="false" sap:updatable="false"
					sap:deletable="false" sap:content-version="1"><End EntitySet="getDetalleEquipoSet" Role="FromRole_AssPendientes"/><End EntitySet="getPendientesSet" Role="ToRole_AssPendientes"/></AssociationSet>
				<AssociationSet Name="AssUbicacionSet" Association="ZGWPM_DATOS_EQUIPOS_SRV.AssUbicacion" sap:creatable="false" sap:updatable="false"
					sap:deletable="false" sap:content-version="1"><End EntitySet="getDetalleEquipoSet" Role="FromRole_AssUbicacion"/><End EntitySet="getUbicacionesSet" Role="ToRole_AssUbicacion"/></AssociationSet>
				<AssociationSet Name="AssHistoricosSet" Association="ZGWPM_DATOS_EQUIPOS_SRV.AssHistoricos" sap:creatable="false" sap:updatable="false"
					sap:deletable="false" sap:content-version="1"><End EntitySet="getDetalleEquipoSet" Role="FromRole_AssHistoricos"/><End EntitySet="getHistoricosSet" Role="ToRole_AssHistoricos"/></AssociationSet>
			</EntityContainer><atom:link xmlns:atom="http://www.w3.org/2005/Atom" rel="self" href="./sap/ZGWPM_DATOS_EQUIPOS_SRV/$metadata"/><atom:link xmlns:atom="http://www.w3.org/2005/Atom" rel="latest-version" href="./sap/ZGWPM_DATOS_EQUIPOS_SRV/$metadata"/></Schema>
	</edmx:DataServices>
</edmx:Edmx>