<core:FragmentDefinition
	xmlns="sap.m"
	xmlns:l="sap.ui.layout"
	xmlns:f="sap.ui.layout.form"
	xmlns:core="sap.ui.core">
	<VBox class="sapUiSmallMargin">
		<f:SimpleForm id="SimpleFormDisplay480_12120Dual"
			editable="false"
			layout="ResponsiveGridLayout"
			title=""
			labelSpanXL="4"
			labelSpanL="4"
			labelSpanM="12"
			labelSpanS="12"
			adjustLabelSpan="false"
			emptySpanXL="0"
			emptySpanL="0"
			emptySpanM="0"
			emptySpanS="0"
			columnsXL="2"
			columnsL="2"
			columnsM="2"
			singleContainerFullSize="false" >
			<f:content>
				<core:Title text="DATOS DEL EQUIPO" />
				<Label text="Número de equipo" />
					<Text text="{EQUIPO>/Equnr}" />
					
				<Label text="Número de inventario" />
					<Text text="{EQUIPO>/Invnr}" />
					
				<Label text="Valor adquisitivo" />
					<Text text="{EQUIPO>/Answt} {EQUIPO>/Waers}" />
					
				<Label text="Fabricante" />
					<Text text="{EQUIPO>/Herst}" />
					
				<core:Title text="" />
					<Label text="Fabricante nro" />
					<Text text="{EQUIPO>/Serge}" />	
					
					<Label text="Descripción" />
					<Text text="{EQUIPO>/Eqktx}" />
					
					<Label text="Número de objeto" />
					<Text text="{EQUIPO>/Objnr}" />
					
								<Label text="Ubicación técnica" />
					<!--<Text text="{EQUIPO>/DetalleNavUbicaciones/results/Tplnr}" />-->
					<Text text=" {= ${EQUIPO>/DetalleNavUbicaciones/results}[0].Tplnr }" />
			</f:content>
		</f:SimpleForm>
	</VBox>
</core:FragmentDefinition>