{
    "application": {
        "id": "",
        "title": "Neoris.ZPM_EQUIPOS.ZPM_EQUIPOS",
        "description": "Datos de Equipo",
        "type": "SAP_UI5_Component",
        "componentUrl": "/",
        "appUrl": "#ZPM_EQUIPOS-Display",
        "navigationComponentName": "Neoris.ZPM_EQUIPOS",
        "intentSemanticObject": "ZPM_EQUIPOS",
        "intentAction": "Display",
        "html5ApplicationName": "zpmequipos",
        "HCPParentApplicationName": ""
    },
    "assignment": {
        "groups": [
            "c23fa539-b0ba-40d4-811a-f2aaf341162d"
        ],
        "contentPackages": [
            "6407279d-8f56-475f-883d-96adb1880e35"
        ],
        "categories": []
    },
    "tile": {
        "type": "StaticTile",
        "title": "App de Equipos v2",
        "subtitle": "Subtitle",
        "searchKeywords": "App de Equipos v2,Subtitle",
        "displayIconUrl": "sap-icon://approvals",
        "displayInfoText": "",
        "size": "1x1",
        "serviceURL": "",
        "refreshInterval": ""
    }
}